PhoneNumber,output
-945-|251)2215,(945)-251-2215
|755))158)0022,(755)-158-0022
223602-6943,(223)-602-6943
|650902)5686,(650)-902-5686
-780|512-2108,(780)-512-2108
|500|654|8400,(500)-654-8400
-043|)772|0942,(043)-772-0942
|274))639)4571,(274)-639-4571
-664|)758-1024,(664)-758-1024
(270|572)1576,(270)-572-1576
|919-972-6171,(919)-972-6171
(433-868|2757,(433)-868-2757
-8082759,Not a Valid Phone Number
-126-)696)0408,(126)-696-0408
|994)|531)4753,(994)-531-4753
|327|489|0283,(327)-489-0283
|068))379)7906,(068)-379-7906
|2131433398,(213)-143-3398
|742-598)7170,(742)-598-7170
-919-)692)1947,(919)-692-1947
666))143-8663,(666)-143-8663
(711-108|5890,(711)-108-5890
(806-662|7026,(806)-662-7026
|092)|330|8803,(092)-330-8803
-006-)276|2798,(006)-276-2798
(634820-1385,(634)-820-1385
(833)-189)7337,(833)-189-7337
643-869|7217,(643)-869-7217
(120-475-9336,(120)-475-9336
(990)|426-5315,(990)-426-5315
048))617|3546,(048)-617-3546
|922-|7756222,(922)-775-6222
|804-535|4610,(804)-535-4610
158-836|7673,(158)-836-7673
692-|929|4900,(692)-929-4900
993-)879)7158,(993)-879-7158
|746))8762876,(746)-876-2876
-059)|811|4774,(059)-811-4774
(366--097)0328,(366)-097-0328
481)496-3375,(481)-496-3375
7913108923,(791)-310-8923
|659-961|8727,(659)-961-8727
-630|)451|7730,(630)-451-7730
(227)-057|7341,(227)-057-7341
|328-508)8349,(328)-508-8349
(600-338-2593,(600)-338-2593
(888|523)4680,(888)-523-4680
076|)784-5578,(076)-784-5578
|721|-126|1146,(721)-126-1146
(288)-3845465,(288)-384-5465
-325-951)5232,(325)-951-5232
364|153)6019,(364)-153-6019
467|770)7500,(467)-770-7500
|829)465)0872,(829)-465-0872
(125||801)5565,(125)-801-5565
-015-|965)4545,(015)-965-4545
-163|-2268837,(163)-226-8837
(646||532)7779,(646)-532-7779
-767))151-0877,(767)-151-0877
019|6273537,(019)-627-3537
-294-|189)5692,(294)-189-5692
|315|9219295,(315)-921-9295
(338348-2126,(338)-348-2126
-170))506)8165,(170)-506-8165
-697)178-5191,(697)-178-5191
-443-|109)0805,(443)-109-0805
(479|)2228991,(479)-222-8991
|746)089)2740,(746)-089-2740
506-|292-3018,(506)-292-3018
(723-)2588173,(723)-258-8173
581)-0886087,(581)-088-6087
331)-186|7949,(331)-186-7949
(263|492|2466,(263)-492-2466
244|012-5761,(244)-012-5761
|298)|868-0542,(298)-868-0542
(284124|4708,(284)-124-4708
|803)6600878,(803)-660-0878
-490||6729820,(490)-672-9820
(344-674|9808,(344)-674-9808
223-105-0809,(223)-105-0809
(635)|844)7360,(635)-844-7360
(363672|3571,(363)-672-3571
-070|)285-1860,(070)-285-1860
-346|)510)8121,(346)-510-8121
115|446-3688,(115)-446-3688
|810-)072|8408,(810)-072-8408
|487)322-3849,(487)-322-3849
816-019-4546,(816)-019-4546
731--647|5884,(731)-647-5884
014|-6333685,(014)-633-3685
123)-660|4930,(123)-660-4930
(411600)0927,(411)-600-0927
|5905808324,(590)-580-8324
5565443,Not a Valid Phone Number
(441-856|1941,(441)-856-1941
868)3105966,(868)-310-5966
(420||110)1770,(420)-110-1770
-564--345)7485,(564)-345-7485
|194415|3756,(194)-415-3756
|086-855)0503,(086)-855-0503
682)635|3397,(682)-635-3397
859|098|6751,(859)-098-6751
(044|1828947,(044)-182-8947
342||9308035,(342)-930-8035
-520)-068)2672,(520)-068-2672
115||442-7614,(115)-442-7614
407--972-6167,(407)-972-6167
-910|155)7910,(910)-155-7910
847))192-1170,(847)-192-1170
422599)7611,(422)-599-7611
(513-|9000648,(513)-900-0648
(178)3527117,(178)-352-7117
-386||519-3822,(386)-519-3822
(123|134|3716,(123)-134-3716
|241)-805-9003,(241)-805-9003
583)|1307258,(583)-130-7258
(829)108|5614,(829)-108-5614
|007|-851|7964,(007)-851-7964
718-)666|3150,(718)-666-3150
-371)673-8985,(371)-673-8985
|810)|205-6997,(810)-205-6997
555)|5072835,(555)-507-2835
|170-)0770825,(170)-077-0825
-299)500-6716,(299)-500-6716
|920-)4950003,(920)-495-0003
478)540)4217,(478)-540-4217
|719-)2125927,(719)-212-5927
|371)|069-3681,(371)-069-3681
(953))845)5946,(953)-845-5946
(434|)732)2333,(434)-732-2333
(855)-722-4670,(855)-722-4670
|275||592)6660,(275)-592-6660
729--021)6438,(729)-021-6438
671)-494|9316,(671)-494-9316
240))085-4053,(240)-085-4053
-002-|760|0930,(002)-760-0930
-3006,Not a Valid Phone Number
|425|)480)5238,(425)-480-5238
|519))949)4601,(519)-949-4601
-343-)0739166,(343)-073-9166
|508-383|7070,(508)-383-7070
-928))762-9212,(928)-762-9212
-721-|8272064,(721)-827-2064
(014|126|7463,(014)-126-7463
|230--247-5416,(230)-247-5416
159-)017)1461,(159)-017-1461
506-722|9849,(506)-722-9849
-232|829-4262,(232)-829-4262
(071-045|8340,(071)-045-8340
-689|)4165966,(689)-416-5966
|570|9931629,(570)-993-1629
883|278|9145,(883)-278-9145
-491-951|0488,(491)-951-0488
602|566-9340,(602)-566-9340
|448620|7396,(448)-620-7396
974--973-6521,(974)-973-6521
-595025,Not a Valid Phone Number
741)|569-3587,(741)-569-3587
(023-)501)3644,(023)-501-3644
628--342)5495,(628)-342-5495
|308)-723-7466,(308)-723-7466
(312|)747)0205,(312)-747-0205
929)6938775,(929)-693-8775
804)534)6001,(804)-534-6001
(477))2687161,(477)-268-7161
(380)|377-0125,(380)-377-0125
689)577)2796,(689)-577-2796
|246035-5870,(246)-035-5870
|395285)0187,(395)-285-0187
671)342|7138,(671)-342-7138
-926)|8815977,(926)-881-5977
(554-|7418965,(554)-741-8965
959)2787850,(959)-278-7850
643)-624)0491,(643)-624-0491
|774)886)5789,(774)-886-5789
-730|379-5220,(730)-379-5220
|404|808|3342,(404)-808-3342
(226||6692088,(226)-669-2088
|903--944|0162,(903)-944-0162
(960)746)8956,(960)-746-8956
(999--055|1654,(999)-055-1654
-047)-113-3693,(047)-113-3693
868|268-3000,(868)-268-3000
429-924|1151,(429)-924-1151
(841-|239-3825,(841)-239-3825
(676-|214)7605,(676)-214-7605
741-331-0111,(741)-331-0111
-873-)193|6871,(873)-193-6871
049)3426259,(049)-342-6259
(601|-4127719,(601)-412-7719
-437))052-2879,(437)-052-2879
|476-102-7660,(476)-102-7660
|259)-637|1234,(259)-637-1234
(198--494-7052,(198)-494-7052
-828)|734-1768,(828)-734-1768
942-|929|6018,(942)-929-6018
|062)|827|5777,(062)-827-5777
(444||615)7942,(444)-615-7942
(946)-491-3974,(946)-491-3974
329||508|4698,(329)-508-4698
070|-908-7450,(070)-908-7450
899|841)7467,(899)-841-7467
-351)855-5103,(351)-855-5103
744)446)1148,(744)-446-1148
|641|)822|6728,(641)-822-6728
331)3702144,(331)-370-2144
(896-186|8590,(896)-186-8590
|472-625-6810,(472)-625-6810
-277-|976)7876,(277)-976-7876
(811)|599)1321,(811)-599-1321
|513|)622|4689,(513)-622-4689
(844-|340)5097,(844)-340-5097
|322|)440)8427,(322)-440-8427
725)7936479,(725)-793-6479
|006-935-5027,(006)-935-5027
|008|7993379,(008)-799-3379
-589)019-7025,(589)-019-7025
596283|8601,(596)-283-8601
(201-217)0355,(201)-217-0355
-979))098-7318,(979)-098-7318
(585)607)4079,(585)-607-4079
-3505,Not a Valid Phone Number
204)-536|1144,(204)-536-1144
|512)2693689,(512)-269-3689
-399|-108)6503,(399)-108-6503
918--7554123,(918)-755-4123
|549)-461|3859,(549)-461-3859
-338|)9817315,(338)-981-7315
|449))372|4089,(449)-372-4089
(477-)659)3520,(477)-659-3520
(547-|596|5260,(547)-596-5260
(332)|290)1538,(332)-290-1538
(986--2470347,(986)-247-0347
|884--688-1202,(884)-688-1202
|907|852-7764,(907)-852-7764
-727)676-9325,(727)-676-9325
-8539,Not a Valid Phone Number
-290||250)5900,(290)-250-5900
411-5558288,(411)-555-8288
(356|-8101766,(356)-810-1766
(056-707)7169,(056)-707-7169
(939|-724|4982,(939)-724-4982
(153-835|4971,(153)-835-4971
|970|-190)3928,(970)-190-3928
134)|786-8529,(134)-786-8529
-331)|573)1867,(331)-573-1867
-419957)1310,(419)-957-1310
|274||741-4909,(274)-741-4909
|879|)813)0806,(879)-813-0806
(774|-388)6438,(774)-388-6438
(557-760-3925,(557)-760-3925
7588300,Not a Valid Phone Number
|060||077|0487,(060)-077-0487
|566)|3335601,(566)-333-5601
571)|047-9900,(571)-047-9900
(192--274|7234,(192)-274-7234
-362|5282053,(362)-528-2053
058|)231-3331,(058)-231-3331
-095)|1235982,(095)-123-5982
006)693-5419,(006)-693-5419
|390-200|7258,(390)-200-7258
|833-3480434,(833)-348-0434
(713|580|6810,(713)-580-6810
336-651|7055,(336)-651-7055
|015)791-0345,(015)-791-0345
|064)|272)6995,(064)-272-6995
|196--9542047,(196)-954-2047
-069|558-3479,(069)-558-3479
|400-)193-3467,(400)-193-3467
|967||9479953,(967)-947-9953
-367|2675875,(367)-267-5875
|232|)644|8083,(232)-644-8083
754||702)0488,(754)-702-0488
796|7204160,(796)-720-4160
-051|-3260498,(051)-326-0498
(437)176)8292,(437)-176-8292
-553||600|2431,(553)-600-2431
(468621)3989,(468)-621-3989
637-8539222,(637)-853-9222
(491|)228-0093,(491)-228-0093
(864-|6571644,(864)-657-1644
|638-)9124969,(638)-912-4969
|579--6334874,(579)-633-4874
|717|165)8003,(717)-165-8003
|357|8757186,(357)-875-7186
-4750953193,(475)-095-3193
292|372)9215,(292)-372-9215
334-|838)9823,(334)-838-9823
696||961-0575,(696)-961-0575
(466|)736)2995,(466)-736-2995
-470)-617-4369,(470)-617-4369
-892|413|8166,(892)-413-8166
(030|192-6450,(030)-192-6450
-216-)795)8520,(216)-795-8520
|843||9012088,(843)-901-2088
(423)0708323,(423)-070-8323
654|)529-1094,(654)-529-1094
155|604)0719,(155)-604-0719
481)|680-9228,(481)-680-9228
|195)098|0402,(195)-098-0402
649-761|6038,(649)-761-6038
|415|-821)4415,(415)-821-4415
760|)079-6485,(760)-079-6485
(471-|4191211,(471)-419-1211
|119))9388094,(119)-938-8094
|772-|280-5446,(772)-280-5446
|053-)465-1335,(053)-465-1335
|115-)936-6272,(115)-936-6272
-97413,Not a Valid Phone Number
|054|842-1456,(054)-842-1456
-824|)235-3023,(824)-235-3023
(974|302-5567,(974)-302-5567
|752085)0376,(752)-085-0376
400-558)3533,(400)-558-3533
(058)-536)1630,(058)-536-1630
-667017,Not a Valid Phone Number
512-|605|3891,(512)-605-3891
273-)125-3204,(273)-125-3204
690)176-6826,(690)-176-6826
(842|)908|0667,(842)-908-0667
(839)-922-8516,(839)-922-8516
405)7936999,(405)-793-6999
027)|957)7940,(027)-957-7940
-492)501)9996,(492)-501-9996
|967))568)3320,(967)-568-3320
(072|245)8038,(072)-245-8038
170)-390-2350,(170)-390-2350
-226)744|9168,(226)-744-9168
-482)459-3482,(482)-459-3482
(429))3267061,(429)-326-7061
(109|-790-0642,(109)-790-0642
593-)926|6656,(593)-926-6656
(426400-3174,(426)-400-3174
472-)881-1044,(472)-881-1044
|404-947)1584,(404)-947-1584
-828||9021715,(828)-902-1715
-831))448-2987,(831)-448-2987
(8782640027,(878)-264-0027
496))703-5953,(496)-703-5953
-657||120|7718,(657)-120-7718
|227-004|3015,(227)-004-3015
-890)|4303404,(890)-430-3404
|307--7550691,(307)-755-0691
543))5704424,(543)-570-4424
7163208033,(716)-320-8033
-560||928-6108,(560)-928-6108
|191)|231)8710,(191)-231-8710
(861-)4917195,(861)-491-7195
-691-)426|9778,(691)-426-9778
|543)411|8261,(543)-411-8261
-594|)3064800,(594)-306-4800
(300|)357|6406,(300)-357-6406
|029--288)1562,(029)-288-1562
-711-|235-6618,(711)-235-6618
|904)967|9105,(904)-967-9105
-4690,Not a Valid Phone Number
(125||624-3735,(125)-624-3735
|919|)485)5753,(919)-485-5753
-866-931|8650,(866)-931-8650
-083-)549)5663,(083)-549-5663
(472)-474)5298,(472)-474-5298
(664-272-0688,(664)-272-0688
-883-)732|7935,(883)-732-7935
(000)|5343067,(000)-534-3067
|071||734)3756,(071)-734-3756
-579|)975|1582,(579)-975-1582
-984|)133-1923,(984)-133-1923
-378||732)1349,(378)-732-1349
220|)0818188,(220)-081-8188
743-487)5439,(743)-487-5439
(914))2367727,(914)-236-7727
(796|)009)5594,(796)-009-5594
(944-|2666161,(944)-266-6161
|696-)830|3243,(696)-830-3243
527)9853005,(527)-985-3005
519)-767|0740,(519)-767-0740
281-)799|9430,(281)-799-9430
|869))9926167,(869)-992-6167
611||003|5491,(611)-003-5491
012)-851)3936,(012)-851-3936
865|)913|4467,(865)-913-4467
|449)773|6091,(449)-773-6091
|158|113|0192,(158)-113-0192
|847))992)5790,(847)-992-5790
|336--287-1341,(336)-287-1341
|451||4408630,(451)-440-8630
(600)404|5556,(600)-404-5556
056|)1660837,(056)-166-0837
|763|)266|9902,(763)-266-9902
(410--077-2477,(410)-077-2477
(391-|973|0992,(391)-973-0992
-321)700|8129,(321)-700-8129
-182-161|3745,(182)-161-3745
(199|-6070855,(199)-607-0855
-332||810)7886,(332)-810-7886
(559-0163258,(559)-016-3258
-884)|944)9582,(884)-944-9582
411||084|5176,(411)-084-5176
|315--1523125,(315)-152-3125
420)-012-1620,(420)-012-1620
-2797537728,(279)-753-7728
748))116)4736,(748)-116-4736
(917|-331)6676,(917)-331-6676
-544))106-7969,(544)-106-7969
-393|741-1197,(393)-741-1197
514|717)3884,(514)-717-3884
-960-552)9192,(960)-552-9192
(157-403-5633,(157)-403-5633
251|)115-2526,(251)-115-2526
|098))7579794,(098)-757-9794
|288-920-3274,(288)-920-3274
098)807|0661,(098)-807-0661
(999))880)6942,(999)-880-6942
|534-)0868852,(534)-086-8852
(919|946|8530,(919)-946-8530
-503-275)8702,(503)-275-8702
(124-)243|4710,(124)-243-4710
219|665-1387,(219)-665-1387
854-)422|9978,(854)-422-9978
101)962|3345,(101)-962-3345
(353))244)5047,(353)-244-5047
008-)014|0836,(008)-014-0836
(840|-039)0492,(840)-039-0492
-744)-021-5859,(744)-021-5859
923|861)5401,(923)-861-5401
315|309)3695,(315)-309-3695
|562471|8955,(562)-471-8955
(331)916|5202,(331)-916-5202
(419-286-2312,(419)-286-2312
|082)770|7973,(082)-770-7973
|846))5279264,(846)-527-9264
031|-760|8541,(031)-760-8541
(816)-663-8330,(816)-663-8330
305|2676175,(305)-267-6175
-655-|7878875,(655)-787-8875
663|)180)4258,(663)-180-4258
-334))352-6116,(334)-352-6116
(344--069-0476,(344)-069-0476
278))334|7679,(278)-334-7679
047)491)4911,(047)-491-4911
-943)|568-8269,(943)-568-8269
|830-010)6902,(830)-010-6902
(955230|9874,(955)-230-9874
(281))8898550,(281)-889-8550
-452|-434|4102,(452)-434-4102
(035|244)7298,(035)-244-7298
732--2437617,(732)-243-7617
(912|044-2157,(912)-044-2157
(915|)606-6294,(915)-606-6294
(914-491)0070,(914)-491-0070
(531|304-3191,(531)-304-3191
|707-667)6466,(707)-667-6466
(410|-540-2004,(410)-540-2004
(515|)1420005,(515)-142-0005
(2399473617,(239)-947-3617
(152--010-2636,(152)-010-2636
606|)000)9617,(606)-000-9617
(694))656-9163,(694)-656-9163
|918-)880|7533,(918)-880-7533
(339|)475-9995,(339)-475-9995
|951|211-3172,(951)-211-3172
459-)436|8019,(459)-436-8019
|892|183-1311,(892)-183-1311
733-)043)6532,(733)-043-6532
|585|4058865,(585)-405-8865
-410)639)9252,(410)-639-9252
-674|707-4287,(674)-707-4287
(396))5572974,(396)-557-2974
|227-9439344,(227)-943-9344
(847|)1859446,(847)-185-9446
010-)073-4348,(010)-073-4348
-591|6449041,(591)-644-9041
|306--142)2194,(306)-142-2194
|397--007-7223,(397)-007-7223
(158|-8598939,(158)-859-8939
759)791)1647,(759)-791-1647
-990-|929-9605,(990)-929-9605
(975588)9147,(975)-588-9147
|211-|969-8261,(211)-969-8261
(374)-8124314,(374)-812-4314
288||743-5060,(288)-743-5060
(755|097|9943,(755)-097-9943
989|-175|5520,(989)-175-5520
|209-052-0504,(209)-052-0504
(462--4086440,(462)-408-6440
(463-|904|7046,(463)-904-7046
|181||4478996,(181)-447-8996
(521-512-4762,(521)-512-4762
440-)806)9231,(440)-806-9231
|328))589-6595,(328)-589-6595
|363||372|8931,(363)-372-8931
-599)|603-4994,(599)-603-4994
028--2759253,(028)-275-9253
921|)762)1424,(921)-762-1424
(008)-8947344,(008)-894-7344
(904)|873-9922,(904)-873-9922
|560|)606-7834,(560)-606-7834
-237|066-1132,(237)-066-1132
(007)7147954,(007)-714-7954
(832|)228|6331,(832)-228-6331
|144||184)4545,(144)-184-4545
-420)-6206939,(420)-620-6939
139|-164|8309,(139)-164-8309
-707)-763|1265,(707)-763-1265
|882-361|6503,(882)-361-6503
428))1961749,(428)-196-1749
(798||554-0259,(798)-554-0259
223--7394584,(223)-739-4584
(522--926|9687,(522)-926-9687
-177|372)4008,(177)-372-4008
282))066)5068,(282)-066-5068
461|825|9462,(461)-825-9462
-635-864)1996,(635)-864-1996
(649)667)0053,(649)-667-0053
|974||586|7816,(974)-586-7816
078)941-7870,(078)-941-7870
|8446817136,(844)-681-7136
-618-)273)4876,(618)-273-4876
(088|734)6922,(088)-734-6922
-351|642)2771,(351)-642-2771
393-676)7271,(393)-676-7271
|540|936|6125,(540)-936-6125
-117)873-4472,(117)-873-4472
154)6762545,(154)-676-2545
|210)-9790379,(210)-979-0379
-490))309|4797,(490)-309-4797
236536-2508,(236)-536-2508
(741||6691256,(741)-669-1256
(238--9684707,(238)-968-4707
-000--058|5725,(000)-058-5725
(199|-229-2606,(199)-229-2606
-545))900-8251,(545)-900-8251
(977|915|2892,(977)-915-2892
|288-7167735,(288)-716-7735
-483-151|5180,(483)-151-5180
|473-901-2385,(473)-901-2385
550--216)5935,(550)-216-5935
018)035|0683,(018)-035-0683
-233--091|7316,(233)-091-7316
(401)6397469,(401)-639-7469
856-|435-3296,(856)-435-3296
(783094|6581,(783)-094-6581
|592))4918729,(592)-491-8729
|474)-3480184,(474)-348-0184
(545-)6543518,(545)-654-3518
439|7379377,(439)-737-9377
-4016,Not a Valid Phone Number
|708|241)3697,(708)-241-3697
149--837)5764,(149)-837-5764
|742|)538-5956,(742)-538-5956
112)4130338,(112)-413-0338
-260-950|8048,(260)-950-8048
|668)-566|1207,(668)-566-1207
-435))3923727,(435)-392-3727
|211|9446389,(211)-944-6389
(425|206)5969,(425)-206-5969
|150-3451028,(150)-345-1028
|508-)261|6996,(508)-261-6996
-073-)104|6561,(073)-104-6561
-795|309|9119,(795)-309-9119
|197||315|1896,(197)-315-1896
215059-7270,(215)-059-7270
895|419|7453,(895)-419-7453
-941619,Not a Valid Phone Number
|009)|3926929,(009)-392-6929
|044-900-6623,(044)-900-6623
-4553,Not a Valid Phone Number
|920|204|6895,(920)-204-6895
-383|3946777,(383)-394-6777
-828||6922784,(828)-692-2784
|407)|127|2273,(407)-127-2273
-007936|8064,(007)-936-8064
-496-951|2229,(496)-951-2229
841)841)0243,(841)-841-0243
-961)3829507,(961)-382-9507
-756))5116005,(756)-511-6005
|351-042-4206,(351)-042-4206
(101-3759680,(101)-375-9680
|927|424)6668,(927)-424-6668
|059|238-5882,(059)-238-5882
(061-837-2350,(061)-837-2350
|464)007|3181,(464)-007-3181
264||1422288,(264)-142-2288
-812||075)7932,(812)-075-7932
654)|3464001,(654)-346-4001
(2296823703,(229)-682-3703
(946|0510978,(946)-051-0978
|562125)6757,(562)-125-6757
-758||667-4348,(758)-667-4348
(346)-512|4114,(346)-512-4114
|968-0266360,(968)-026-6360
-582-|406-3110,(582)-406-3110
-663)907-8223,(663)-907-8223
|975|-5692353,(975)-569-2353
-809--567)8657,(809)-567-8657
887-317)6730,(887)-317-6730
-360|0559563,(360)-055-9563
-039-|581)2754,(039)-581-2754
(760|9324619,(760)-932-4619
(574-)382-1823,(574)-382-1823
(681|-607-7196,(681)-607-7196
-295|511)7095,(295)-511-7095
289|)988-0755,(289)-988-0755
(948|-3554413,(948)-355-4413
|588|3396900,(588)-339-6900
|904|104)0898,(904)-104-0898
565)|097-4552,(565)-097-4552
019-256)5598,(019)-256-5598
|391467)5759,(391)-467-5759
|382-)449-1129,(382)-449-1129
268-)039|6496,(268)-039-6496
-744)371-7350,(744)-371-7350
-4451,Not a Valid Phone Number
(964-766)1873,(964)-766-1873
(921|)899-8735,(921)-899-8735
(868-5308023,(868)-530-8023
-8104,Not a Valid Phone Number
(318--825)2807,(318)-825-2807
|967-5491912,(967)-549-1912
|053)|4239321,(053)-423-9321
(704-856)8379,(704)-856-8379
-6125,Not a Valid Phone Number
-891|881|3235,(891)-881-3235
133)|1525054,(133)-152-5054
(666-9945662,(666)-994-5662
(030)303|2055,(030)-303-2055
-639)953)4750,(639)-953-4750
|579||292|2039,(579)-292-2039
956|-469-0392,(956)-469-0392
|770--545|5842,(770)-545-5842
|696)-429|2299,(696)-429-2299
-378-386|8457,(378)-386-8457
249)-966|9474,(249)-966-9474
|851)-186)0245,(851)-186-0245
|415-901-5603,(415)-901-5603
(852|421-8630,(852)-421-8630
695-520)2405,(695)-520-2405
-093|-031-5379,(093)-031-5379
(175)-2240343,(175)-224-0343
-655-)688|7094,(655)-688-7094
(228-|050-4596,(228)-050-4596
-423)675|3211,(423)-675-3211
(459)129)1428,(459)-129-1428
|693|4701788,(693)-470-1788
421|-014)1179,(421)-014-1179
(607|)190)1772,(607)-190-1772
|672))096|9958,(672)-096-9958
(359-|408|6125,(359)-408-6125
|967|-192)9929,(967)-192-9929
(642)686|6193,(642)-686-6193
030-9517918,(030)-951-7918
215||5606461,(215)-560-6461
|725--764-8692,(725)-764-8692
(432|-364-3399,(432)-364-3399
(567))397|3694,(567)-397-3694
-199394)9372,(199)-394-9372
525-1600879,(525)-160-0879
-750)|554)6707,(750)-554-6707
096|)839|4002,(096)-839-4002
-042|)111)9598,(042)-111-9598
425|618)6794,(425)-618-6794
948-667-6743,(948)-667-6743
|7443199849,(744)-319-9849
(604)7446411,(604)-744-6411
737))0801944,(737)-080-1944
-075)889)1542,(075)-889-1542
|628)137-8171,(628)-137-8171
-981))0715700,(981)-071-5700
012-|2415682,(012)-241-5682
|004-7208087,(004)-720-8087
|122-)817-7158,(122)-817-7158
(841|5541637,(841)-554-1637
887|-310)9344,(887)-310-9344
755|-794)1558,(755)-794-1558
|965-|782|0244,(965)-782-0244
-665|535|7497,(665)-535-7497
685|981-9834,(685)-981-9834
465)294-9728,(465)-294-9728
|768-)620)5848,(768)-620-5848
|132264-0399,(132)-264-0399
|119529)2241,(119)-529-2241
(738266-8788,(738)-266-8788
655)|6440470,(655)-644-0470
|102)-109)4765,(102)-109-4765
|425-)534|2967,(425)-534-2967
(874))920)3800,(874)-920-3800
742)|6748132,(742)-674-8132
|341--983-4889,(341)-983-4889
077--7189269,(077)-718-9269
|770)384-7946,(770)-384-7946
(996-857-5908,(996)-857-5908
(881-099-6293,(881)-099-6293
|372-|702|0632,(372)-702-0632
|480))134|9520,(480)-134-9520
|450))151|4878,(450)-151-4878
378|)4551688,(378)-455-1688
|935)|3959694,(935)-395-9694
(956)433|9585,(956)-433-9585
085)300-5484,(085)-300-5484
(564)319)0466,(564)-319-0466
777532-1967,(777)-532-1967
224-)380)0920,(224)-380-0920
(254--344)8717,(254)-344-8717
191|-392)3553,(191)-392-3553
|752)-288)1930,(752)-288-1930
922||101)2913,(922)-101-2913
|479)|7044725,(479)-704-4725
|393-|663|4676,(393)-663-4676
-873)-605|0423,(873)-605-0423
936-757-6450,(936)-757-6450
919)7354517,(919)-735-4517
-201--306)2917,(201)-306-2917
449)513)9561,(449)-513-9561
-212)-198-0734,(212)-198-0734
(165-|611|1838,(165)-611-1838
-803||755-8232,(803)-755-8232
1298882,Not a Valid Phone Number
215-)799|2481,(215)-799-2481
(636)|470|4398,(636)-470-4398
(488)5152645,(488)-515-2645
(3299199475,(329)-919-9475
-927)|557|1363,(927)-557-1363
(774|181-8150,(774)-181-8150
(781)-861|3938,(781)-861-3938
(341-898)8910,(341)-898-8910
|660-271)5360,(660)-271-5360
533)-949-3869,(533)-949-3869
173)192)7612,(173)-192-7612
-544)-480-5720,(544)-480-5720
|891|5944357,(891)-594-4357
|752198)5589,(752)-198-5589
-612|726)1409,(612)-726-1409
487))942|8179,(487)-942-8179
-956|)357)4061,(956)-357-4061
(4354653869,(435)-465-3869
692)-779)1858,(692)-779-1858
668-|3733473,(668)-373-3473
-051-093|7369,(051)-093-7369
008|)889|6476,(008)-889-6476
296)|446)7253,(296)-446-7253
|598-764|7135,(598)-764-7135
(582)783)4712,(582)-783-4712
(953094)5738,(953)-094-5738
|139|013-3617,(139)-013-3617
|3648433324,(364)-843-3324
015-302)9990,(015)-302-9990
|901||221-8692,(901)-221-8692
(458--662-3764,(458)-662-3764
|117)|214|4191,(117)-214-4191
(085-895-6961,(085)-895-6961
100)-3879747,(100)-387-9747
902))671|4992,(902)-671-4992
|186))431)3795,(186)-431-3795
(468)-915)7227,(468)-915-7227
432)|379)5294,(432)-379-5294
(626-|550-1836,(626)-550-1836
758||848|4054,(758)-848-4054
-992||948|5212,(992)-948-5212
(588)376|3318,(588)-376-3318
(930--572-4724,(930)-572-4724
(722||160|0177,(722)-160-0177
|091|)7291642,(091)-729-1642
(502-)243|6586,(502)-243-6586
(573-|872-3592,(573)-872-3592
(138|8549174,(138)-854-9174
-9277,Not a Valid Phone Number
506-|747|5284,(506)-747-5284
-517)|786|4889,(517)-786-4889
-719|205)5311,(719)-205-5311
114-)322-5190,(114)-322-5190
|101|-6258764,(101)-625-8764
832)722)1300,(832)-722-1300
-340|)294-4139,(340)-294-4139
-353-)450)4825,(353)-450-4825
|651-)280|8022,(651)-280-8022
(301|-882|9865,(301)-882-9865
|541)|965)9375,(541)-965-9375
(679|)7615816,(679)-761-5816
918-|879|3045,(918)-879-3045
-552|-678-4541,(552)-678-4541
201-|8830062,(201)-883-0062
(568-|454)0479,(568)-454-0479
409)1134194,(409)-113-4194
|725|-348-7164,(725)-348-7164
669)8858779,(669)-885-8779
518-|641)3575,(518)-641-3575
|267)-3751937,(267)-375-1937
|971)|927|0940,(971)-927-0940
-883|-4477486,(883)-447-7486
|064)-824|3810,(064)-824-3810
|473))775)1401,(473)-775-1401
299)-397-0178,(299)-397-0178
(254|6671069,(254)-667-1069
(762-|7220335,(762)-722-0335
060)7773791,(060)-777-3791
338|319-9386,(338)-319-9386
595|970-6714,(595)-970-6714
|426--954)0876,(426)-954-0876
(752)7227265,(752)-722-7265
|370-5432753,(370)-543-2753
165|)427-2304,(165)-427-2304
070||700-5888,(070)-700-5888
|578)-0341263,(578)-034-1263
(844|)2688508,(844)-268-8508
|659)-955-4143,(659)-955-4143
-668-116)5884,(668)-116-5884
(725)672|6340,(725)-672-6340
-672|4945561,(672)-494-5561
|554|209)5913,(554)-209-5913
(080|)933|9624,(080)-933-9624
-062|6966411,(062)-696-6411
-966||7236470,(966)-723-6470
-066|022)6514,(066)-022-6514
-496)871|0399,(496)-871-0399
(412)-8105458,(412)-810-5458
(344|-459)7698,(344)-459-7698
-884)|0525807,(884)-052-5807
839-299-6319,(839)-299-6319
(744)737-4253,(744)-737-4253
(496)-244)6054,(496)-244-6054
(733||3649538,(733)-364-9538
721||609|1369,(721)-609-1369
-292383,Not a Valid Phone Number
(9263597717,(926)-359-7717
(985-2911235,(985)-291-1235
-947-|852-2245,(947)-852-2245
|279|-703-3853,(279)-703-3853
-440|566)4541,(440)-566-4541
-982-)743|5745,(982)-743-5745
405-)231-9060,(405)-231-9060
679-491|2742,(679)-491-2742
(489|310|4653,(489)-310-4653
|730|609)2284,(730)-609-2284
241|-233-7546,(241)-233-7546
0476818,Not a Valid Phone Number
-710)8805642,(710)-880-5642
|463)-1069327,(463)-106-9327
(043|-1576789,(043)-157-6789
-941|-828|7110,(941)-828-7110
867)|254|7728,(867)-254-7728
|744-)220-9327,(744)-220-9327
|495)-851)6638,(495)-851-6638
-955|871-4232,(955)-871-4232
-016)|819-3120,(016)-819-3120
-734)|489-8451,(734)-489-8451
389||765|6651,(389)-765-6651
411||389-1064,(411)-389-1064
-381546,Not a Valid Phone Number
|299)233)2580,(299)-233-2580
|247-753)5513,(247)-753-5513
022-994)8634,(022)-994-8634
|073))862-3789,(073)-862-3789
|105|)747-8547,(105)-747-8547
153))187-7802,(153)-187-7802
262|-139-1338,(262)-139-1338
|745)-543|3642,(745)-543-3642
(160|3219683,(160)-321-9683
(557-|330|1726,(557)-330-1726
461-021-0061,(461)-021-0061
(194)808|9401,(194)-808-9401
|939-|658|0254,(939)-658-0254
(573||645)7852,(573)-645-7852
079-|218|9114,(079)-218-9114
|178--820-9161,(178)-820-9161
|630)393|3556,(630)-393-3556
(172)-912-6973,(172)-912-6973
-723)-2116089,(723)-211-6089
(948604)2919,(948)-604-2919
-882)363)6975,(882)-363-6975
862-918-3797,(862)-918-3797
|028)|4234479,(028)-423-4479
-511|233|5951,(511)-233-5951
-980||861|5097,(980)-861-5097
|466261|9303,(466)-261-9303
775||294|2680,(775)-294-2680
181-|055-1563,(181)-055-1563
(852|-164)2350,(852)-164-2350
015||894-6031,(015)-894-6031
905|-489|5397,(905)-489-5397
|428|270-9459,(428)-270-9459
(375)|9510599,(375)-951-0599
-421|360)8674,(421)-360-8674
615||215|1473,(615)-215-1473
-475||377|7811,(475)-377-7811
(739466)6462,(739)-466-6462
141-9160351,(141)-916-0351
(033101-0773,(033)-101-0773
788-526-6659,(788)-526-6659
(955)287-6844,(955)-287-6844
339-441-9572,(339)-441-9572
(048))083-2266,(048)-083-2266
626--8990117,(626)-899-0117
|188))1966857,(188)-196-6857
672))099-4013,(672)-099-4013
-676)|008|1578,(676)-008-1578
-659)|240-2993,(659)-240-2993
-097-)599|4748,(097)-599-4748
084)223|8647,(084)-223-8647
393)|6381544,(393)-638-1544
212-4650564,(212)-465-0564
(462)|476)1131,(462)-476-1131
(113||136|0069,(113)-136-0069
|0166104942,(016)-610-4942
(831-)832|0722,(831)-832-0722
|929-)265-1304,(929)-265-1304
(762)0010300,(762)-001-0300
|241)|230)6226,(241)-230-6226
337|)9416831,(337)-941-6831
426|390|9695,(426)-390-9695
-592-)701)7589,(592)-701-7589
291)|547|5608,(291)-547-5608
(023|781-2587,(023)-781-2587
049-|897|7269,(049)-897-7269
938-467-2580,(938)-467-2580
(144|-626)8463,(144)-626-8463
-696)|4063726,(696)-406-3726
(861-|057-8840,(861)-057-8840
(761-)416|3759,(761)-416-3759
(263))5223666,(263)-522-3666
-516-|609|7478,(516)-609-7478
470|259|8768,(470)-259-8768
|133-|077|0541,(133)-077-0541
(764)|385)3661,(764)-385-3661
|064|-987|1197,(064)-987-1197
(610-189|5971,(610)-189-5971
139|)124-1779,(139)-124-1779
428-616)4534,(428)-616-4534
(580|-083|5962,(580)-083-5962
-803|911)0839,(803)-911-0839
|818-840|3837,(818)-840-3837
(064|-318)7762,(064)-318-7762
580|104|2679,(580)-104-2679
|653|767-1927,(653)-767-1927
|661--269-3974,(661)-269-3974
(444)-6571058,(444)-657-1058
(590-|7325707,(590)-732-5707
(481--849)5002,(481)-849-5002
(046)6583069,(046)-658-3069
(998-)815|5717,(998)-815-5717
887))9897327,(887)-989-7327
|995|)248)0138,(995)-248-0138
-317-)611-8527,(317)-611-8527
-269)-822)8051,(269)-822-8051
|206|2786225,(206)-278-6225
862)|529|5944,(862)-529-5944
|916)|9898933,(916)-989-8933
-017|)327-4195,(017)-327-4195
(778|-5128596,(778)-512-8596
-153))970)9721,(153)-970-9721
045202|9010,(045)-202-9010
(044)-893|2008,(044)-893-2008
|663|-388|4440,(663)-388-4440
|392-6357414,(392)-635-7414
498-)136|6537,(498)-136-6537
807)5545408,(807)-554-5408
|894|-223|3573,(894)-223-3573
929|086|6045,(929)-086-6045
|090|375)0752,(090)-375-0752
228)-9103072,(228)-910-3072
(452)|6058999,(452)-605-8999
-723|422)7956,(723)-422-7956
|448)-4893255,(448)-489-3255
-664))641)2295,(664)-641-2295
|250-009|9064,(250)-009-9064
903-2077737,(903)-207-7737
|465|8006119,(465)-800-6119
(729))108)9743,(729)-108-9743
(733|2491285,(733)-249-1285
|509|4452798,(509)-445-2798
|228|)571-8575,(228)-571-8575
818-|778)1617,(818)-778-1617
(422)|970)0623,(422)-970-0623
-839|563|1454,(839)-563-1454
-59283,Not a Valid Phone Number
|130|708)4519,(130)-708-4519
986|2873100,(986)-287-3100
(301)100)6967,(301)-100-6967
-036||594-9107,(036)-594-9107
(725||6394750,(725)-639-4750
(267)671|2826,(267)-671-2826
884)741|9961,(884)-741-9961
(018)|785|5596,(018)-785-5596
-063)204)7496,(063)-204-7496
|471|)574|5602,(471)-574-5602
|641|390-7981,(641)-390-7981
196-3316015,(196)-331-6015
(709|)7129104,(709)-712-9104
|991||655-3884,(991)-655-3884
(581-)573-5320,(581)-573-5320
082)434)9042,(082)-434-9042
(463|048|4740,(463)-048-4740
-09745,Not a Valid Phone Number
-369--607)9478,(369)-607-9478
-013)-753|6484,(013)-753-6484
993))482-5145,(993)-482-5145
156)535|1205,(156)-535-1205
-359)|3912020,(359)-391-2020
557||665|0015,(557)-665-0015
|191)449|5090,(191)-449-5090
(002||6383227,(002)-638-3227
(968-686|9480,(968)-686-9480
-008|922-1735,(008)-922-1735
(355)|330)2523,(355)-330-2523
(959)981)2944,(959)-981-2944
|692234)2913,(692)-234-2913
-555)024)1118,(555)-024-1118
(375|327|8425,(375)-327-8425
806))315-7003,(806)-315-7003
864)-4711052,(864)-471-1052
459-)559|2783,(459)-559-2783
(506))901-5769,(506)-901-5769
(303|000|4857,(303)-000-4857
(603||272|5824,(603)-272-5824
|116)611)5340,(116)-611-5340
|584))0844727,(584)-084-4727
-815)-472)9594,(815)-472-9594
619|-4374298,(619)-437-4298
-177))251)7024,(177)-251-7024
-619)5807872,(619)-580-7872
|622)-5040314,(622)-504-0314
-988)2557619,(988)-255-7619
-886|)922|7427,(886)-922-7427
|602|834|1463,(602)-834-1463
|782-|2198771,(782)-219-8771
(132-973)4728,(132)-973-4728
-596-|5965542,(596)-596-5542
826)|259|1022,(826)-259-1022
|030-)980-8885,(030)-980-8885
(516-)035)3745,(516)-035-3745
(383310)5031,(383)-310-5031
407||572-1848,(407)-572-1848
6860533566,(686)-053-3566
964|8488897,(964)-848-8897
(897|970)9022,(897)-970-9022
382-)195-2182,(382)-195-2182
-295)235|5558,(295)-235-5558
|292|-847)7623,(292)-847-7623
144-|748)8805,(144)-748-8805
-041-760|1798,(041)-760-1798
-675)396|4978,(675)-396-4978
-645299)0019,(645)-299-0019
(9679673303,(967)-967-3303
(158-543-3671,(158)-543-3671
416-)811|2265,(416)-811-2265
-236))0838922,(236)-083-8922
(757))359-3442,(757)-359-3442
-657)-8379187,(657)-837-9187
(266)397)8898,(266)-397-8898
|979))079|2602,(979)-079-2602
|680|964)2057,(680)-964-2057
|488|-534|4069,(488)-534-4069
(678-)6102148,(678)-610-2148
(082-)689|5950,(082)-689-5950
-8406,Not a Valid Phone Number
|681-1954328,(681)-195-4328
|545|782|3442,(545)-782-3442
|651-|916)5793,(651)-916-5793
087||282|9445,(087)-282-9445
642-)353)4138,(642)-353-4138
(025|-166)7929,(025)-166-7929
5730688226,(573)-068-8226
(505||4213351,(505)-421-3351
672|725)1665,(672)-725-1665
(627-|3830418,(627)-383-0418
|043|-3815586,(043)-381-5586
(650--6070775,(650)-607-0775
-243--186|8128,(243)-186-8128
-310)-687)3290,(310)-687-3290
694|)758)6677,(694)-758-6677
(977)-185)0328,(977)-185-0328
691|9091476,(691)-909-1476
-264-|507-2253,(264)-507-2253
-729-|547-1205,(729)-547-1205
1718913,Not a Valid Phone Number
435)078-5467,(435)-078-5467
|100-166)7565,(100)-166-7565
-25753,Not a Valid Phone Number
036)-144|5532,(036)-144-5532
566))873|9055,(566)-873-9055
|905|261-1274,(905)-261-1274
(344579)9745,(344)-579-9745
|252981|4544,(252)-981-4544
|872))652|5310,(872)-652-5310
|893|242)3613,(893)-242-3613
-064|-0287472,(064)-028-7472
-652)192)7240,(652)-192-7240
230|643-3597,(230)-643-3597
-946-)191|6511,(946)-191-6511
-070-)787)0350,(070)-787-0350
-4817749076,(481)-774-9076
(767))9056177,(767)-905-6177
(060-)5766150,(060)-576-6150
|473||183|4683,(473)-183-4683
(125)209)2859,(125)-209-2859
-079632)1952,(079)-632-1952
450)539)9423,(450)-539-9423
-889|4828606,(889)-482-8606
-453|585|8478,(453)-585-8478
-254--553)0315,(254)-553-0315
(536451-1817,(536)-451-1817
741746)1670,(741)-746-1670
(068||1626060,(068)-162-6060
|313|266|5454,(313)-266-5454
934-|741)9905,(934)-741-9905
|727|319)1850,(727)-319-1850
|650--097|2910,(650)-097-2910
177)1466448,(177)-146-6448
053--035-8981,(053)-035-8981
(496)214)9519,(496)-214-9519
796618-0419,(796)-618-0419
-348|671)8620,(348)-671-8620
609-798|1010,(609)-798-1010
-1826,Not a Valid Phone Number
(990)829|9580,(990)-829-9580
613|)6294312,(613)-629-4312
|147|)2387492,(147)-238-7492
-758))711-2084,(758)-711-2084
620-)793-8841,(620)-793-8841
(855825|7670,(855)-825-7670
|587|910-2577,(587)-910-2577
|560-|5217311,(560)-521-7311
(982|005|0620,(982)-005-0620
|580|-006)6221,(580)-006-6221
-329||068-2754,(329)-068-2754
238|0309675,(238)-030-9675
|959-)116-6622,(959)-116-6622
-748|557)4722,(748)-557-4722
(694)6097790,(694)-609-7790
816)076)7449,(816)-076-7449
|481|)663|1558,(481)-663-1558
-759|-466|8529,(759)-466-8529
(889)-930)9191,(889)-930-9191
|170||904|1742,(170)-904-1742
(064-858)6058,(064)-858-6058
491--938-6126,(491)-938-6126
-5931,Not a Valid Phone Number
(822)551)1224,(822)-551-1224
-941-|659|5951,(941)-659-5951
238)767|3819,(238)-767-3819
|863)|473)4480,(863)-473-4480
-989)426-6697,(989)-426-6697
-839-916)2913,(839)-916-2913
210|984-3551,(210)-984-3551
031|376)1638,(031)-376-1638
(580|223|7181,(580)-223-7181
-528|)290|1133,(528)-290-1133
|782)-664|3126,(782)-664-3126
081-)2951576,(081)-295-1576
721|-151|0271,(721)-151-0271
(927|333|2982,(927)-333-2982
|572-409)8080,(572)-409-8080
(710)|579-3742,(710)-579-3742
-231||063)2247,(231)-063-2247
(467)5606654,(467)-560-6654
|940|685)5582,(940)-685-5582
022))276)5258,(022)-276-5258
-131||507-1814,(131)-507-1814
(216)-202)5015,(216)-202-5015
-0073,Not a Valid Phone Number
(045||7195794,(045)-719-5794
|620--956)4582,(620)-956-4582
108-1923180,(108)-192-3180
(296--7661514,(296)-766-1514
|709|-151)2920,(709)-151-2920
-730)-8841626,(730)-884-1626
-616-599|2078,(616)-599-2078
-723))5477269,(723)-547-7269
879|-329-2557,(879)-329-2557
292|-793-3476,(292)-793-3476
-1045,Not a Valid Phone Number
970-)6517733,(970)-651-7733
|622-|155)4131,(622)-155-4131
|992--696-1952,(992)-696-1952
(931|)0413214,(931)-041-3214
(355||348|6738,(355)-348-6738
-930|747)4165,(930)-747-4165
(642))324-1492,(642)-324-1492
-3463,Not a Valid Phone Number
|924--179)8923,(924)-179-8923
-022))8179836,(022)-817-9836
607|-7153853,(607)-715-3853
(700--678|4402,(700)-678-4402
(750|)741|7440,(750)-741-7440
-956)736-7632,(956)-736-7632
|317|)843|2676,(317)-843-2676
(831)860-6069,(831)-860-6069
(391||582)3635,(391)-582-3635
(326)3343208,(326)-334-3208
191)|917|8611,(191)-917-8611
-8276640,Not a Valid Phone Number
-034|)323-0049,(034)-323-0049
(049|)377-2573,(049)-377-2573
|063|)842-8548,(063)-842-8548
(540))6877156,(540)-687-7156
918|274)4210,(918)-274-4210
|943610-8843,(943)-610-8843
|114-572|0466,(114)-572-0466
|818)|736)5635,(818)-736-5635
(458-|644-0373,(458)-644-0373
(616))729)9469,(616)-729-9469
954|013-3737,(954)-013-3737
790)|1054996,(790)-105-4996
(369-816-7212,(369)-816-7212
391||407|4620,(391)-407-4620
(721|564-8338,(721)-564-8338
-961|0668445,(961)-066-8445
-876-080)5530,(876)-080-5530
(610)-687-4526,(610)-687-4526
(968--372)0661,(968)-372-0661
-761-)7787575,(761)-778-7575
170))459)5381,(170)-459-5381
(736--714-8653,(736)-714-8653
-646-|345-3908,(646)-345-3908
931-)212-8105,(931)-212-8105
|996)259|8298,(996)-259-8298
-940)169|1959,(940)-169-1959
(319)770|7457,(319)-770-7457
228|)433)0606,(228)-433-0606
-0219081168,(021)-908-1168
(187|)626|2875,(187)-626-2875
-227))1573789,(227)-157-3789
-104--151)4978,(104)-151-4978
-624928|1214,(624)-928-1214
-913-)488-7909,(913)-488-7909
-575-|191-1034,(575)-191-1034
(536)-1214597,(536)-121-4597
844))712|8670,(844)-712-8670
852)|427-7182,(852)-427-7182
(052|-690-7362,(052)-690-7362
-024|-959|9384,(024)-959-9384
|898|)630|7805,(898)-630-7805
|312|6882963,(312)-688-2963
|085-|032-5133,(085)-032-5133
(423-514)5947,(423)-514-5947
680|784)4681,(680)-784-4681
|362)105-6760,(362)-105-6760
674167)5097,(674)-167-5097
-525||573-8595,(525)-573-8595
883|-982-7487,(883)-982-7487
-963--669|2279,(963)-669-2279
|809|099|8286,(809)-099-8286
-285)-693)1018,(285)-693-1018
|626)|589-0853,(626)-589-0853
(055|-436-1045,(055)-436-1045
|590|036)5457,(590)-036-5457
|407)149-6577,(407)-149-6577
(839-604-0112,(839)-604-0112
986||232-0842,(986)-232-0842
(538||669)1617,(538)-669-1617
-958|)156-3583,(958)-156-3583
381||557|8881,(381)-557-8881
(595)-3165945,(595)-316-5945
(594-|8010253,(594)-801-0253
-099)|829-9401,(099)-829-9401
(674)|9386822,(674)-938-6822
(756|-302|5158,(756)-302-5158
|853-158)0509,(853)-158-0509
-298|)682-4243,(298)-682-4243
-146)-281-2636,(146)-281-2636
|138||775)0317,(138)-775-0317
|493|)144)5554,(493)-144-5554
|667|3849694,(667)-384-9694
-355-|460)6812,(355)-460-6812
|807)909)5798,(807)-909-5798
|324))976-1309,(324)-976-1309
-013|-164-5151,(013)-164-5151
|234-)585-6799,(234)-585-6799
-130))0537196,(130)-053-7196
|641)|2827631,(641)-282-7631
|378-4274707,(378)-427-4707
024-155|1811,(024)-155-1811
823)-731|0139,(823)-731-0139
-7634722,Not a Valid Phone Number
381||562)0206,(381)-562-0206
(454|)756-7972,(454)-756-7972
|141)-625|3684,(141)-625-3684
887||886-4198,(887)-886-4198
(183|-997|4875,(183)-997-4875
-157)390)9669,(157)-390-9669
|291|7028335,(291)-702-8335
(3671071794,(367)-107-1794
|913||420)1980,(913)-420-1980
-883))6659238,(883)-665-9238
(392|1084905,(392)-108-4905
(489|871-0207,(489)-871-0207
|110|238|4796,(110)-238-4796
|385966-7997,(385)-966-7997
-396)|112)1664,(396)-112-1664
282-|983-7071,(282)-983-7071
|891||0117636,(891)-011-7636
(689-620)2879,(689)-620-2879
(870-|3669636,(870)-366-9636
056)|196|9460,(056)-196-9460
-033|118|4805,(033)-118-4805
(398|320-2749,(398)-320-2749
494)|1110914,(494)-111-0914
-553952,Not a Valid Phone Number
(582|)889)5874,(582)-889-5874
|681)889-4984,(681)-889-4984
-889-)856)3179,(889)-856-3179
|484|768-9017,(484)-768-9017
(141-3281060,(141)-328-1060
-704--635|4487,(704)-635-4487
|802--449)7396,(802)-449-7396
327-301-6417,(327)-301-6417
253)439|0293,(253)-439-0293
|378)236-5011,(378)-236-5011
782-|3613166,(782)-361-3166
(917-|3790776,(917)-379-0776
|300|-609-7535,(300)-609-7535
(765||385|3923,(765)-385-3923
797|)203|2759,(797)-203-2759
|201||742)4157,(201)-742-4157
-312-547)6911,(312)-547-6911
|480-|151|2333,(480)-151-2333
755)-6498324,(755)-649-8324
-648)2464773,(648)-246-4773
|363-)529|6520,(363)-529-6520
(122|-759-3031,(122)-759-3031
-550)432)3348,(550)-432-3348
|324|)819-0322,(324)-819-0322
|620-)913)1361,(620)-913-1361
|969)|3092022,(969)-309-2022
-066|)326)4892,(066)-326-4892
(406-286)4858,(406)-286-4858
-861-808)7911,(861)-808-7911
-476|1718297,(476)-171-8297
959)7577656,(959)-757-7656
-538-524)3132,(538)-524-3132
(184)948)1024,(184)-948-1024
(011)415)7185,(011)-415-7185
(466)-068)2151,(466)-068-2151
|966126-1301,(966)-126-1301
(310-579-1085,(310)-579-1085
072||014|0190,(072)-014-0190
(729)149-7946,(729)-149-7946
(343|)810-1455,(343)-810-1455
522-|745)8384,(522)-745-8384
637)-086|8490,(637)-086-8490
|958-)238|5755,(958)-238-5755
-383-846)6896,(383)-846-6896
-415|671-7841,(415)-671-7841
(432-)980|9203,(432)-980-9203
-8862776,Not a Valid Phone Number
757--085)8615,(757)-085-8615
629--153)5616,(629)-153-5616
(913204-9868,(913)-204-9868
367)675)5129,(367)-675-5129
-309))413|4591,(309)-413-4591
675|-477-6993,(675)-477-6993
(887--590-7698,(887)-590-7698
601||567|3734,(601)-567-3734
-3312030,Not a Valid Phone Number
(001)|440)1298,(001)-440-1298
(227|378|3318,(227)-378-3318
-396|2962183,(396)-296-2183
|909|892)6907,(909)-892-6907
-980)3963921,(980)-396-3921
(450)355)1416,(450)-355-1416
(855|)922|6543,(855)-922-6543
-035-)254-9255,(035)-254-9255
|348)-505)4351,(348)-505-4351
573-|538-9110,(573)-538-9110
(486))950|3637,(486)-950-3637
|983--867)5748,(983)-867-5748
-980921|8252,(980)-921-8252
|390)275)3323,(390)-275-3323
-563)004|1197,(563)-004-1197
|195|-063|9319,(195)-063-9319
-576|755|0321,(576)-755-0321
|137||739|0202,(137)-739-0202
-6593822,Not a Valid Phone Number
-724||157)9213,(724)-157-9213
910|-182-7800,(910)-182-7800
|055)332)3188,(055)-332-3188
-719)|342|1238,(719)-342-1238
-3048637384,(304)-863-7384
|642|)172)2520,(642)-172-2520
-424-)034-2515,(424)-034-2515
-517)9025812,(517)-902-5812
|473-)9200912,(473)-920-0912
(101))541)5278,(101)-541-5278
|698-)342|8370,(698)-342-8370
044)-560-0345,(044)-560-0345
-893|979|1971,(893)-979-1971
|905|)201)0685,(905)-201-0685
|045)215)4613,(045)-215-4613
452-)362-2512,(452)-362-2512
783|-847-9710,(783)-847-9710
4933747286,(493)-374-7286
(749|097|1587,(749)-097-1587
(519--8914873,(519)-891-4873
(168--3874974,(168)-387-4974
|594)3968989,(594)-396-8989
-123)|508-8519,(123)-508-8519
-833|-619|3889,(833)-619-3889
465|5341113,(465)-534-1113
123-|587)7171,(123)-587-7171
(860)|612|3289,(860)-612-3289
|574|891|6883,(574)-891-6883
(114-308)6791,(114)-308-6791
|975|239-2793,(975)-239-2793
-484)|687|4641,(484)-687-4641
751-8761734,(751)-876-1734
275)|059-6215,(275)-059-6215
641)-795)9523,(641)-795-9523
|259-|691)2895,(259)-691-2895
|797||256)8416,(797)-256-8416
(837|386|5403,(837)-386-5403
116|0560219,(116)-056-0219
(339-193|8947,(339)-193-8947
(257-501|9966,(257)-501-9966
|261-671)0952,(261)-671-0952
(346813|7442,(346)-813-7442
|505-)289-8020,(505)-289-8020
039|)370|9281,(039)-370-9281
|707|550)7099,(707)-550-7099
|107)|386-5772,(107)-386-5772
(162|-115|4280,(162)-115-4280
|336)418)7467,(336)-418-7467
-159)538)5332,(159)-538-5332
|583)222|8383,(583)-222-8383
|247--3548513,(247)-354-8513
-529|-731)5644,(529)-731-5644
(507-9722508,(507)-972-2508
448|)978|6930,(448)-978-6930
-582))470|0179,(582)-470-0179
-841|592-5620,(841)-592-5620
2093387980,(209)-338-7980
|581|)524|0838,(581)-524-0838
(668|)930-1500,(668)-930-1500
(925|)7277451,(925)-727-7451
(882|-4638408,(882)-463-8408
(892|999|1756,(892)-999-1756
-901|)5841575,(901)-584-1575
(437|607-4890,(437)-607-4890
-953|928-6076,(953)-928-6076
-063)|893)3006,(063)-893-3006
(496|)791-1710,(496)-791-1710
-029-|681|8730,(029)-681-8730
192-)178)0032,(192)-178-0032
-328)194|7743,(328)-194-7743
-221|829-1630,(221)-829-1630
(968--901-9148,(968)-901-9148
401--520)8832,(401)-520-8832
844)|9051722,(844)-905-1722
|401-520-3262,(401)-520-3262
411||541)6563,(411)-541-6563
420)1992477,(420)-199-2477
-324|-964-1997,(324)-964-1997
811)163|8928,(811)-163-8928
-3621,Not a Valid Phone Number
-885-|416-7810,(885)-416-7810
|421|)5030666,(421)-503-0666
-786|-410|3173,(786)-410-3173
(670762-2574,(670)-762-2574
-722|653-2393,(722)-653-2393
|013970-7972,(013)-970-7972
|148||261)0746,(148)-261-0746
-491-608|5288,(491)-608-5288
795)-8460061,(795)-846-0061
-110)000-4775,(110)-000-4775
-342)-206-7969,(342)-206-7969
|633)4118849,(633)-411-8849
-830||678|9907,(830)-678-9907
-111))621|2440,(111)-621-2440
-243-)224|8492,(243)-224-8492
|643)813|3294,(643)-813-3294
(877))711-0722,(877)-711-0722
(940-6816289,(940)-681-6289
|9525054345,(952)-505-4345
-604||148|9893,(604)-148-9893
(486)562|1017,(486)-562-1017
(038)186)3653,(038)-186-3653
9679598,Not a Valid Phone Number
(331|678)9364,(331)-678-9364
(8426158972,(842)-615-8972
-223-|1865695,(223)-186-5695
|324))682|5972,(324)-682-5972
-597)-366|6602,(597)-366-6602
-143-)187)1895,(143)-187-1895
554-)130)3138,(554)-130-3138
(086--611|9381,(086)-611-9381
-928|305|0990,(928)-305-0990
-870853|1869,(870)-853-1869
(440|538|6010,(440)-538-6010
201|-999|5605,(201)-999-5605
|552|4980683,(552)-498-0683
370-0556162,(370)-055-6162
-034|-7803451,(034)-780-3451
(776-020-3047,(776)-020-3047
-262)-0723257,(262)-072-3257
024)8379969,(024)-837-9969
|858-0438638,(858)-043-8638
-864-)439)6352,(864)-439-6352
-220-|891|6296,(220)-891-6296
286)6950153,(286)-695-0153
-913-685|1822,(913)-685-1822
680|)4144464,(680)-414-4464
-199-214)7049,(199)-214-7049
|334|)321-4835,(334)-321-4835
-615|)211-9640,(615)-211-9640
(487|2217602,(487)-221-7602
|603)572-5661,(603)-572-5661
|990|224-2440,(990)-224-2440
-769)1559656,(769)-155-9656
|635||393-4602,(635)-393-4602
|798-9842477,(798)-984-2477
-518|670-6550,(518)-670-6550
-5585,Not a Valid Phone Number
|347)|002|2815,(347)-002-2815
|874|573|0337,(874)-573-0337
(776|-174-5523,(776)-174-5523
(728-)124)4429,(728)-124-4429
(749-|7138656,(749)-713-8656
(326)|850)3196,(326)-850-3196
714-)705|2880,(714)-705-2880
|888-)690-4701,(888)-690-4701
(458)-3583657,(458)-358-3657
-163)030|6430,(163)-030-6430
|236-|249)9019,(236)-249-9019
|175199|3715,(175)-199-3715
891)196)6810,(891)-196-6810
520992|9269,(520)-992-9269
|499||004-3592,(499)-004-3592
|419)-9618910,(419)-961-8910
|500-)8992826,(500)-899-2826
|251-5585107,(251)-558-5107
|562-)781)0981,(562)-781-0981
698)053)9202,(698)-053-9202
-241)200|9388,(241)-200-9388
(773-242-6464,(773)-242-6464
-985|)2223297,(985)-222-3297
(982--255|1133,(982)-255-1133
(430|405-3399,(430)-405-3399
817)-480-5751,(817)-480-5751
-033)816-3565,(033)-816-3565
(054)|8804822,(054)-880-4822
(482)-4709632,(482)-470-9632
(235)481|8689,(235)-481-8689
|351|)723-0139,(351)-723-0139
|814|194)2057,(814)-194-2057
-059|)283)4939,(059)-283-4939
|323-260)0844,(323)-260-0844
(550-390|2007,(550)-390-2007
|468-116)1481,(468)-116-1481
|492||922)8109,(492)-922-8109
072)8027876,(072)-802-7876
(376|860)2039,(376)-860-2039
|893|556)2916,(893)-556-2916
(406|695|2652,(406)-695-2652
|508-|9187636,(508)-918-7636
(088|979|1230,(088)-979-1230
179|377)9913,(179)-377-9913
-743-|748)6162,(743)-748-6162
(451--123)7448,(451)-123-7448
|795))023)5739,(795)-023-5739
189|-7389547,(189)-738-9547
848)-3251267,(848)-325-1267
-436))936|8277,(436)-936-8277
|739|699|2371,(739)-699-2371
(521|)264)3605,(521)-264-3605
(500)5978070,(500)-597-8070
-904)748|9206,(904)-748-9206
|447)-891|6191,(447)-891-6191
724|0820363,(724)-082-0363
|166)235|7907,(166)-235-7907
591-7261104,(591)-726-1104
028)971-1881,(028)-971-1881
(150|8879570,(150)-887-9570
(003)773-7845,(003)-773-7845
809|)7817146,(809)-781-7146
|753|756-0465,(753)-756-0465
|337)-551-9257,(337)-551-9257
888-953-9244,(888)-953-9244
-550||4789326,(550)-478-9326
050-283)1218,(050)-283-1218
(942-790-4378,(942)-790-4378
062-1075394,(062)-107-5394
(837203-4403,(837)-203-4403
619-885|2152,(619)-885-2152
(924-|7075638,(924)-707-5638
(939|)669-0181,(939)-669-0181
-470--151)1375,(470)-151-1375
-950|893)3950,(950)-893-3950
|936)375-6310,(936)-375-6310
-564)|8628598,(564)-862-8598
(020--0328114,(020)-032-8114
573|-878)5321,(573)-878-5321
-087)|6819923,(087)-681-9923
|225-238-1275,(225)-238-1275
(819-|9534119,(819)-953-4119
871)|6400587,(871)-640-0587
-521)3383637,(521)-338-3637
-049)|271|5807,(049)-271-5807
-718|493-9002,(718)-493-9002
-981-|227-8167,(981)-227-8167
(176)9659676,(176)-965-9676
-519-417)3356,(519)-417-3356
-310))868-0017,(310)-868-0017
(459)|596)4831,(459)-596-4831
-0255737276,(025)-573-7276
-610)399)9717,(610)-399-9717
(027-|946-2895,(027)-946-2895
|897-|6789833,(897)-678-9833
(412-|8368307,(412)-836-8307
968|-252|9531,(968)-252-9531
|423-)132|3263,(423)-132-3263
(135-013-4879,(135)-013-4879
|881-|3019320,(881)-301-9320
-920))078|8489,(920)-078-8489
858|-360)2492,(858)-360-2492
(483)|5727773,(483)-572-7773
(209))164)4700,(209)-164-4700
|457))9890412,(457)-989-0412
618|-9099327,(618)-909-9327
-255)-8160037,(255)-816-0037
|084)003-5781,(084)-003-5781
|555)636|6603,(555)-636-6603
|779--282-2386,(779)-282-2386
(039)697)8181,(039)-697-8181
-356)-9945120,(356)-994-5120
|091|471|1494,(091)-471-1494
-1510248,Not a Valid Phone Number
|870||449|1812,(870)-449-1812
307)649|7947,(307)-649-7947
-446-681)9517,(446)-681-9517
645|)679|7563,(645)-679-7563
029-749-5355,(029)-749-5355
|782-|258-9616,(782)-258-9616
(184)951)3951,(184)-951-3951
(010|)131)7489,(010)-131-7489
(714|1100111,(714)-110-0111
|743)-489-0837,(743)-489-0837
-520)951-1142,(520)-951-1142
(694||0949656,(694)-094-9656
|363)787)2798,(363)-787-2798
-445))548)9057,(445)-548-9057
(810|)4758786,(810)-475-8786
|861)|223-1166,(861)-223-1166
544)-6380552,(544)-638-0552
-442-521|6130,(442)-521-6130
(920||537-8259,(920)-537-8259
-997))030)9476,(997)-030-9476
|573|496)8580,(573)-496-8580
|657)-473)7050,(657)-473-7050
506|-129|7515,(506)-129-7515
|050-|239-3306,(050)-239-3306
|667)704|3994,(667)-704-3994
868-488)8298,(868)-488-8298
|488|-042-5608,(488)-042-5608
-168-|797-4300,(168)-797-4300
278-)432-2107,(278)-432-2107
|405-)095|9209,(405)-095-9209
-0833911,Not a Valid Phone Number
-619)051)4588,(619)-051-4588
|663)-2826552,(663)-282-6552
054-)208)8604,(054)-208-8604
|518||181|9394,(518)-181-9394
(240000)8171,(240)-000-8171
-536)114-4871,(536)-114-4871
(630-)0334555,(630)-033-4555
(013-|209|1690,(013)-209-1690
|455098)4754,(455)-098-4754
|552227|7849,(552)-227-7849
201|-741-9052,(201)-741-9052
|032|)4449773,(032)-444-9773
|192--092-9111,(192)-092-9111
941))3912875,(941)-391-2875
|832|-2678913,(832)-267-8913
|623-)6566612,(623)-656-6612
|857|-293|5956,(857)-293-5956
125|-991)8893,(125)-991-8893
-748)|622)6147,(748)-622-6147
-78889,Not a Valid Phone Number
|529-|525)1984,(529)-525-1984
961||077-5443,(961)-077-5443
-246||6034797,(246)-603-4797
-207||758-6033,(207)-758-6033
033--185)0365,(033)-185-0365
|016|)794)7396,(016)-794-7396
(132-0452105,(132)-045-2105
(125)|681|3662,(125)-681-3662
(147)-1211086,(147)-121-1086
(265)|442)0885,(265)-442-0885
646)-049)4650,(646)-049-4650
-810))309-9299,(810)-309-9299
(759|498)8091,(759)-498-8091
791-808|1558,(791)-808-1558
138|)582|2193,(138)-582-2193
573-645|3673,(573)-645-3673
|934)416-0793,(934)-416-0793
|496--125-0103,(496)-125-0103
-946|)240)3581,(946)-240-3581
|996||583|9372,(996)-583-9372
952-868)7928,(952)-868-7928
(160-254|3522,(160)-254-3522
301)809|1931,(301)-809-1931
588253-5850,(588)-253-5850
825|357)1098,(825)-357-1098
-608|-2511374,(608)-251-1374
(091-|135|4757,(091)-135-4757
195)-5180320,(195)-518-0320
|102)-428-2309,(102)-428-2309
-262||353)8272,(262)-353-8272
(490|-726|5506,(490)-726-5506
-081--674|5337,(081)-674-5337
|260)|482|3449,(260)-482-3449
140-)923)2288,(140)-923-2288
|7000023022,(700)-002-3022
282|3140804,(282)-314-0804
-494)385)9785,(494)-385-9785
-862)042-3898,(862)-042-3898
009|699-3223,(009)-699-3223
|432-3890798,(432)-389-0798
-208|074|6214,(208)-074-6214
-748-724|2488,(748)-724-2488
(182|)372)1754,(182)-372-1754
(290|254|2060,(290)-254-2060
|743)254)1528,(743)-254-1528
|414)163-9321,(414)-163-9321
(597)307)1813,(597)-307-1813
(525)|2735725,(525)-273-5725
(933))418|1361,(933)-418-1361
(353|)994|3937,(353)-994-3937
687-|8530784,(687)-853-0784
|106)-535)6606,(106)-535-6606
770)0697038,(770)-069-7038
|607194|8198,(607)-194-8198
|215-)471|2515,(215)-471-2515
-375)9009843,(375)-900-9843
|016)9385921,(016)-938-5921
-738|239)3253,(738)-239-3253
191-|141)1032,(191)-141-1032
|083|)766)2943,(083)-766-2943
-156))694-0691,(156)-694-0691
|043|-616)5626,(043)-616-5626
637)-329)9615,(637)-329-9615
932)|368)2268,(932)-368-2268
(023-)6411721,(023)-641-1721
|868-)9745160,(868)-974-5160
793)170|8374,(793)-170-8374
854--856)8162,(854)-856-8162
108|644-0363,(108)-644-0363
-251|)999)3356,(251)-999-3356
(789||018)6118,(789)-018-6118
-1124,Not a Valid Phone Number
238)929|9163,(238)-929-9163
(676)|599)5733,(676)-599-5733
(177|628-4320,(177)-628-4320
-795|-945-8415,(795)-945-8415
951-986-0898,(951)-986-0898
207-|842|3205,(207)-842-3205
-163-)620)2887,(163)-620-2887
|413|-210)0704,(413)-210-0704
|560)-300)4382,(560)-300-4382
808-|026-1700,(808)-026-1700
-244|-759|4987,(244)-759-4987
(248-746|3869,(248)-746-3869
|612|-092-1353,(612)-092-1353
|019|523)7822,(019)-523-7822
(199)526)6901,(199)-526-6901
(411-235-7506,(411)-235-7506
|849)519-7728,(849)-519-7728
0228676,Not a Valid Phone Number
-601|049-4915,(601)-049-4915
304))208-8343,(304)-208-8343
588-|648|4047,(588)-648-4047
(227))777-4493,(227)-777-4493
-853|-2538212,(853)-253-8212
|901|474|2294,(901)-474-2294
(157-|818-8470,(157)-818-8470
682-243)2428,(682)-243-2428
-715)164-4403,(715)-164-4403
870-|206)1347,(870)-206-1347
-858--719)8564,(858)-719-8564
333||064-8574,(333)-064-8574
903-|8312135,(903)-831-2135
|770)005|5871,(770)-005-5871
-044563|4366,(044)-563-4366
|5726952384,(572)-695-2384
930-)565)6858,(930)-565-6858
-781-)809)8171,(781)-809-8171
-903736)5926,(903)-736-5926
228)642-2306,(228)-642-2306
(925)|3181887,(925)-318-1887
077-)134|1762,(077)-134-1762
395|-633-9540,(395)-633-9540
|537|495|7069,(537)-495-7069
|900-395-8927,(900)-395-8927
|104--1676721,(104)-167-6721
(521|-195|7114,(521)-195-7114
689)1206441,(689)-120-6441
|566)|1026669,(566)-102-6669
(034-0995974,(034)-099-5974
450-)3392083,(450)-339-2083
(688||413-2708,(688)-413-2708
(598)994)3701,(598)-994-3701
|009))4752399,(009)-475-2399
|939420-8371,(939)-420-8371
(986|1364069,(986)-136-4069
|574)201-5809,(574)-201-5809
937-|285|5304,(937)-285-5304
-526--714|9868,(526)-714-9868
|204)436-3833,(204)-436-3833
798)740|5228,(798)-740-5228
(544)750|8992,(544)-750-8992
204|215-1320,(204)-215-1320
449-)591|8618,(449)-591-8618
832-0956729,(832)-095-6729
|8054876144,(805)-487-6144
-137)782|1846,(137)-782-1846
(708)595|4932,(708)-595-4932
-184|489|9107,(184)-489-9107
-904)-143-1607,(904)-143-1607
768-)602)2572,(768)-602-2572
-583||518-3381,(583)-518-3381
-606)|283)2787,(606)-283-2787
058-|755)5249,(058)-755-5249
(375--350)3604,(375)-350-3604
-721|-425|6748,(721)-425-6748
|044)880)6070,(044)-880-6070
495882|3474,(495)-882-3474
(473|971-9812,(473)-971-9812
-064|)795|2003,(064)-795-2003
-205|)609|0284,(205)-609-0284
073|7861418,(073)-786-1418
098-)625-9723,(098)-625-9723
-898)0147969,(898)-014-7969
(923-|358)0365,(923)-358-0365
-325269,Not a Valid Phone Number
-701-)854)5097,(701)-854-5097
(883-663-3880,(883)-663-3880
|825|3502676,(825)-350-2676
|328-|5081269,(328)-508-1269
(584-|410|0869,(584)-410-0869
|680)|020|4941,(680)-020-4941
|909--504)8220,(909)-504-8220
625||745|5604,(625)-745-5604
396|6139198,(396)-613-9198
846)387)5142,(846)-387-5142
(246-|826)4875,(246)-826-4875
(830386|0792,(830)-386-0792
623|)3795017,(623)-379-5017
|269|900|8590,(269)-900-8590
|399)6829588,(399)-682-9588
-582-|403)1874,(582)-403-1874
-671|-477|0399,(671)-477-0399
|134--5165765,(134)-516-5765
|080--303-0280,(080)-303-0280
(093)|626|4828,(093)-626-4828
|417-|884|6375,(417)-884-6375
(866||125)8500,(866)-125-8500
(477))230-9304,(477)-230-9304
-615-969|0716,(615)-969-0716
556)165-5507,(556)-165-5507
|518088)0004,(518)-088-0004
(554|)924-6273,(554)-924-6273
-5462540,Not a Valid Phone Number
(4269709440,(426)-970-9440
-494|-025|7900,(494)-025-7900
-863)|267-8079,(863)-267-8079
|254|-913-1033,(254)-913-1033
938)-1616743,(938)-161-6743
-318)-829|1388,(318)-829-1388
-505-)3319440,(505)-331-9440
455)675|0126,(455)-675-0126
|986)153-8530,(986)-153-8530
-820-636)8141,(820)-636-8141
(387|)5930458,(387)-593-0458
-512)-458-4244,(512)-458-4244
815304-1870,(815)-304-1870
|046)326|6930,(046)-326-6930
(327)7733853,(327)-773-3853
-038||734)3720,(038)-734-3720
-126-692)9802,(126)-692-9802
982-675|0695,(982)-675-0695
-532-)367)4463,(532)-367-4463
981|930)2115,(981)-930-2115
-018-|693|9507,(018)-693-9507
(273|-866-3070,(273)-866-3070
(374|3260975,(374)-326-0975
(582-)989|9416,(582)-989-9416
|554-)495|5101,(554)-495-5101
|224--659|2885,(224)-659-2885
-836)-405|0428,(836)-405-0428
|407||529-2852,(407)-529-2852
|761|1061732,(761)-106-1732
-134)3918245,(134)-391-8245
-964))964|4768,(964)-964-4768
253|)434)4059,(253)-434-4059
(866262-4741,(866)-262-4741
-898|143|7589,(898)-143-7589
652--015-9138,(652)-015-9138
-078-711|1006,(078)-711-1006
-065)|782-2905,(065)-782-2905
|407)-275)7948,(407)-275-7948
|878-236-3367,(878)-236-3367
593-7734408,(593)-773-4408
-699)-1452877,(699)-145-2877
-805--907|4167,(805)-907-4167
(390-031)2104,(390)-031-2104
586)041)2747,(586)-041-2747
701|)311)0824,(701)-311-0824
|723||361-9967,(723)-361-9967
-422552,Not a Valid Phone Number
(851)-763|7470,(851)-763-7470
-754-331)2299,(754)-331-2299
425|-189|4625,(425)-189-4625
-296)037-2486,(296)-037-2486
-355||175|9029,(355)-175-9029
012-502)3993,(012)-502-3993
(977|)248-9100,(977)-248-9100
|444-8584086,(444)-858-4086
(218-|496|2633,(218)-496-2633
|103||476)6913,(103)-476-6913
349-)139)9458,(349)-139-9458
-043|052)6311,(043)-052-6311
(781898|9424,(781)-898-9424
|734-|871|9518,(734)-871-9518
525|779|8283,(525)-779-8283
(791--066-7985,(791)-066-7985
|005|327-0429,(005)-327-0429
518|6802191,(518)-680-2191
643-|928|9998,(643)-928-9998
522))787)6942,(522)-787-6942
-335)4522809,(335)-452-2809
581|437-7403,(581)-437-7403
264|-215-0384,(264)-215-0384
(211)|341-6193,(211)-341-6193
516-290)7974,(516)-290-7974
|007)|041)1533,(007)-041-1533
873||447)2502,(873)-447-2502
694|)900|0824,(694)-900-0824
557|)513|3063,(557)-513-3063
-681-532|2519,(681)-532-2519
-923261,Not a Valid Phone Number
(715-|232)0738,(715)-232-0738
657--025)4976,(657)-025-4976
-742923)0462,(742)-923-0462
(533|)069-0285,(533)-069-0285
(054|664|1275,(054)-664-1275
(724-)320-1687,(724)-320-1687
-390)592-7332,(390)-592-7332
(438-068-2892,(438)-068-2892
309189-9013,(309)-189-9013
-458||985|6451,(458)-985-6451
-869-|862|5354,(869)-862-5354
-001-|476-1186,(001)-476-1186
352)|007)2379,(352)-007-2379
(781)449-2072,(781)-449-2072
-628-)919-3361,(628)-919-3361
389-)882|9553,(389)-882-9553
|901|-239-3983,(901)-239-3983
(724--398-8047,(724)-398-8047
(8139607224,(813)-960-7224
(168-714|0795,(168)-714-0795
657|4706514,(657)-470-6514
(140|5384016,(140)-538-4016
|788)2239474,(788)-223-9474
|289|)3074782,(289)-307-4782
(198-9773527,(198)-977-3527
|879)516|4803,(879)-516-4803
(834))017|0843,(834)-017-0843
(999-7071509,(999)-707-1509
|392|732|3252,(392)-732-3252
168-|8239253,(168)-823-9253
190)|862|0802,(190)-862-0802
|2067848233,(206)-784-8233
481-|415-2807,(481)-415-2807
(094|-492|2104,(094)-492-2104
(669))3081112,(669)-308-1112
(091|206|2271,(091)-206-2271
832)3059913,(832)-305-9913
(7368055505,(736)-805-5505
605)|5199500,(605)-519-9500
(587||623-8515,(587)-623-8515
(073)-835)6308,(073)-835-6308
(799|327-4623,(799)-327-4623
|931-|460-4814,(931)-460-4814
051)-529)4460,(051)-529-4460
657-)8589826,(657)-858-9826
-644|-019)4612,(644)-019-4612
(670))486|8331,(670)-486-8331
-680))953-3564,(680)-953-3564
|416||3213587,(416)-321-3587
873|)6158747,(873)-615-8747
053)8668426,(053)-866-8426
(562)|381|9683,(562)-381-9683
(707))0691182,(707)-069-1182
(442-)379-1280,(442)-379-1280
-401-057|3093,(401)-057-3093
420|745-2638,(420)-745-2638
(340-|1527407,(340)-152-7407
-585|-983-8337,(585)-983-8337
|112|4290034,(112)-429-0034
674)412|8897,(674)-412-8897
426-299)1882,(426)-299-1882
|923-2786209,(923)-278-6209
436-|039|6345,(436)-039-6345
